question,document
How is emotional intelligence defined in simple terms?,0
What does emotional intelligence say about handling your own feelings and actions?,0
How does emotional intelligence relate to the way you deal with other people?,0
What does it mean to be emotionally intelligent in daily life?,0
Can you explain emotional intelligence without using too much jargon?,0
"What are the four main parts of emotional intelligence, including the one about knowing yourself?",1
"Can you list the four emotional intelligence domains: self-awareness, self-management, empathy, and relationship management?",1
Which four areas make up emotional intelligence according to the record?,1
What are the four domains of emotional intelligence mentioned here?,1
"What are the key emotional intelligence domains, including self-awareness?",1
What does it mean to be self-aware in everyday life?,2
How would you explain self-awareness in simple words?,2
What does it mean when someone recognizes what they're feeling and why?,2
Why is understanding your own feelings part of self-awareness?,2
What does being self-aware involve when you notice your emotions?,2
How can self-awareness help improve intuition in everyday decisions?,3
Why does understanding your emotions make intuition more useful?,3
What part do emotions and their causes play in building intuition?,3
Can being more self-aware give you better internal information for intuition?,3
How does noticing what you feel and why you feel it support intuition?,3
How can being aware of your feelings help you make better decisions?,4
In what way does self-awareness improve the choices you make?,4
Why does noticing your emotions matter when you're trying to judge things clearly?,4
How does recognizing what you feel stop your judgment from being swayed?,4
What’s the connection between understanding your feelings and making smarter choices?,4
How does self-awareness guide your choices and behavior like a moral compass?,5
In what way can noticing your own feelings and internal signals improve decision-making?,5
Why is being aware of your feelings important when trying to choose the right action?,5
How can self-awareness help you understand what’s pushing your behavior in different situations?,5
What role do internal signals play in helping self-awareness shape your actions?,5
"What does emotional self-management mean in simple terms, and how does it affect what you're doing?",6
How do you handle distressing emotions so they don't get in the way of your actions?,6
Why is emotional self-management important when you're dealing with tough feelings?,6
What is the ability to manage upsetting emotions without letting them interfere with your tasks called?,6
How can someone effectively deal with distressing emotions and stay focused on what they are doing?,6
Why should you pay attention to distressing emotions?,7
What makes distressing feelings worth noticing instead of ignoring?,7
Why might a painful emotion still be useful to you?,7
How can negative emotions teach you something important?,7
"What's the reason every emotion deserves attention, even the hard ones?",7
"Do all emotions actually serve a purpose, or are some just random feelings?",8
What can my emotions tell me about myself or my situation?,8
Why do emotions exist if they sometimes feel useless or overwhelming?,8
Is there any feeling that doesn’t have a function?,8
How can emotions help with self-awareness?,8
How do positive emotions help with self-management and staying motivated in what you’re doing?,9
In what way can feeling positive make it easier to be involved and enthusiastic about a task?,9
Why are positive emotions useful when you want to manage yourself better?,9
Can positive emotions actually boost motivation and engagement? How does that work?,9
How do good feelings support self-management in everyday life?,9
What does it mean to align your actions with your passions?,10
How can I connect what I do with the things that genuinely motivate me?,10
Why is it important to match your actions with your real interests and purpose?,10
What does it look like when someone’s work lines up with what truly drives them?,10
How do you know if your daily choices are connected to what you really care about?,10
What does empathy mean?,11
How would you explain empathy in simple words?,11
Why do people say empathy is important?,11
Is empathy the ability to understand what someone else is feeling?,11
How is empathy related to self-awareness and understanding others?,11
"What does relationship management mean in emotional intelligence, and how does it use self-awareness and empathy?",12
How does relationship management help you interact better with other people?,12
"In emotional intelligence, what skills are combined to make relationship management work?",12
What is relationship management supposed to do when dealing with others in EI?,12
Can you explain relationship management in emotional intelligence in simple terms?,12
Why is it helpful for kids to practice self-awareness and self-management along with empathy and social skills?,13
How can repeated practice of emotional intelligence skills support a child's emotional growth?,13
What role do self-awareness and empathy play in children's social development?,13
Why do children need to keep practicing emotional intelligence skills instead of learning them once?,13
"How do self-awareness, self-management, empathy, and social skills help kids develop emotionally and socially?",13
How does neuroplasticity help the brain change through repeated experiences and practice?,14
In what way does neuroplasticity support emotional learning over time?,14
"Can repeated practice actually shape the brain, and how does that work?",14
Why is neuroplasticity important when it comes to learning emotions?,14
How does the brain adapt itself from repeated experiences and practice?,14
How can school social and emotional learning programs reduce antisocial behavior like disruption or violence among students?,15
"What effect did the school program have on antisocial behavior at school, especially disruptive or violent acts?",15
"Did the school-based learning program actually lower antisocial behavior in students, and by how much?",15
How much did antisocial behavior at school drop after the social and emotional learning programs were introduced?,15
What was the reported impact of these school programs on disruption and violence in the classroom?,15
"How can social and emotional learning change prosocial behavior, like liking school and behaving well?",16
What kind of effect did the programs have on students' social behavior and attitude toward school?,16
"Did the social and emotional learning programs actually improve behavior in school, and by how much?",16
What happened to kids' behavior and school feelings after the programs were introduced?,16
How much did those programs raise positive behaviors such as enjoying school and acting well?,16
How can social and emotional learning affect academic performance?,17
What impact did the programs have on students' achievement scores?,17
"Did the social and emotional learning programs improve academic performance, and by how much?",17
How much did academic achievement scores increase after the programs discussed?,17
What was the percentage boost in academic scores linked to these programs?,17
How does executive function help with emotional self-management?,18
In what way does executive function support managing emotions and attention?,18
What role does executive function play when it comes to controlling your feelings?,18
How can executive function help you direct attention while dealing with emotions?,18
Why is executive function important for self-managing emotions?,18
Can emotional intelligence be developed over time with practice and effort?,19
What happens to your emotional skills as you keep practicing and getting better?,19
Is it possible to build strengths in the emotional areas I struggle with most?,19
How can someone improve their emotional intelligence abilities in a practical way?,19
Do you really become more effective in the emotional side of things by practicing?,19
"What are the two ways an emotion can be produced, and how do bottom-up and top-down processes differ?",20
Can an emotion come from automatic reactions as well as thoughts and interpretations?,20
How does a cognitive top-down process help create an emotion?,20
"Is there more than one route for an emotion to arise, and what are they?",20
What does it mean when an emotion is produced by a bottom-up process versus a top-down one?,20
"What makes an emotion different from a feeling, and why is one more automatic than the other?",21
How would you explain the difference between a spontaneous emotion and a feeling that comes from interpreting it?,21
"In simple terms, what happens when an emotion turns into a feeling in your mind?",21
"Why is an emotion usually momentary, while a feeling seems to involve more thinking?",21
Can you describe how self-awareness changes an emotional reaction into a feeling?,21
"Can the same body feeling mean different things depending on the situation, like butterflies in the stomach?",22
"How can I tell whether a weird stomach flutter is attraction, anxiety, or just getting sick?",22
Is it normal for one physical sensation to be linked to more than one emotion?,22
Why do some sensations in the body feel like emotions sometimes and illness other times?,22
"Can a single bodily sensation have different meanings, or does it always point to the same thing?",22
"How can an emotion lead to certain thoughts, and can those thoughts then trigger a new emotional response?",23
In what way do your thoughts about a situation affect how you feel about it?,23
"Can feelings create specific thoughts, or does it only work the other way around?",23
How do thoughts and emotions interact when you're reacting to something that happens?,23
Is it true that both emotions and thoughts can cause each other? How does that work?,23
Why is self-awareness considered the base of emotional intelligence?,24
Why do you need to notice an emotion before you can control it?,24
How does self-awareness help with managing feelings better?,24
What makes self-awareness so important for emotional intelligence?,24
Why can't you handle emotions well without first understanding them?,24
What happens when someone is emotionally unconscious and doesn't notice what they're feeling?,25
How do you react to situations if you experience emotions without realizing what is influencing you?,25
What does it mean when a person feels emotions but isn't aware of them?,25
Why do people react to things without noticing their own feelings when they're emotionally unconscious?,25
What is going on if you feel emotions and respond automatically without being aware of it?,25
What do you start noticing when you're aware of outside emotional triggers?,26
How does self-awareness change the way you react to an upcoming presentation or someone else's sadness?,26
What kinds of situations might you become more aware of once you notice emotional cues around you?,26
"When you pay attention to external emotional stimuli, what do you begin to recognize?",26
Can becoming aware of outside emotions make you notice events that could affect you?,26
"What questions can help you move from awareness to self-awareness when you’re feeling afraid, guilty, sad, angry, or irritated?",27
"How do I figure out what caused my fear, guilt, sadness, anger, or irritation so I can become more self-aware?",27
"What should I ask myself to understand why I’m feeling angry, sad, or afraid right now?",27
How can asking about the cause of my emotions help me go from awareness to self-awareness?,27
What are good self-awareness questions to ask when I feel guilty or irritated and want to know why?,27
What does meta-self-awareness mean when someone notices they’re reflecting on their own thoughts and feelings?,28
How would you explain being aware that you’re actively thinking about your own behavior?,28
What is it called when you realize you’re observing your own emotions and actions at the same time?,28
Can you describe meta-self-awareness in simple words for someone learning about self-awareness?,28
"Why is recognizing your own reflection on thoughts, emotions, and behavior considered meta-self-awareness?",28
How is self-reflection different from rumination when it comes to thinking about yourself?,29
"What does self-reflection do that helps learning and improvement, unlike rumination?",29
Why does rumination feel like getting stuck in the same negative thoughts over and over?,29
"Can self-reflection be useful for personal growth, and how is that not the same as rumination?",29
What’s the main difference between curious self-reflection and repetitive negative thinking?,29
Why do you need to identify what emotion you’re feeling before trying to regulate it?,30
"What’s the point of figuring out whether it’s anger, sadness, fear, joy, or something else first?",30
How can you choose the right response if you don’t know which emotion you’re dealing with?,30
Do you have to name the emotion before you can manage it properly? Why?,30
Why is recognizing the exact emotion important when you want to control your reaction?,30
"How does being in a good mood affect the way you judge things, and what happens when your mood is bad?",31
Can your emotional state make your judgment more positive or more negative?,31
Why do people tend to rate things more favorably when they feel positive?,31
What happens to your judgment when you're feeling down compared with when you're feeling upbeat?,31
In what way does your mood change the judgment you make about something?,31
How does naming what you're feeling help reduce emotional bias when you're making a decision?,32
Why does identifying your emotional state make it easier to see how the emotion is influencing your judgment?,32
In what way can putting a label on an emotion lead to a more balanced choice?,32
How can recognizing what you feel stop that feeling from skewing your judgment too much?,32
Why is it useful to name your emotion before deciding on something important?,32
"When I'm tracking an emotional trigger, what details should I write down about when it happened, what set it off, who was there, and how strong it felt?",33
"What should I note in my journal for an emotional trigger besides the feeling itself, like the time, event, people involved, and intensity?",33
"If I want to understand an emotional trigger better, what information should I record about the moment, the cause, the people, and how intense it was?",33
"What exactly do I need to log for an emotional trigger so I can remember when it happened, what happened, why it happened, who was involved, and how intense it was?",33
"When an emotion spikes, what should I keep track of to map the trigger: timing, event, reason, people involved, and emotion intensity?",33
How does an if-then plan help you deal with an emotional trigger when it shows up?,34
What is the benefit of linking a trigger to a prepared response in an if-then plan?,34
How can an if-then plan make your reaction more intentional during an emotional trigger?,34
Why does setting up an if-then plan help you respond better to a known trigger?,34
What does an if-then plan do to help you manage emotions when a trigger appears?,34
What three metacognitive steps can help you change an emotional pattern?,35
"How can planning, monitoring, and evaluating help when you’re trying to change an emotional habit?",35
"What should you do first, second, and last if you want to shift an emotional pattern?",35
Which three self-check steps are used to test whether a strategy for an emotional pattern actually works?,35
"In changing how you react emotionally, why do people use planning, monitoring results, and evaluating the outcome?",35
"How are emotions similar to waves, and what can you do when they show up?",36
"Can you really stop emotional waves from coming, or is it more about how you handle them?",36
What is the best way to respond when emotions hit like waves?,36
"Why do emotions feel like waves, and how can you navigate them better?",36
"If emotional waves are hard to prevent, what should you learn to do instead?",36
"When a situation is stressing me out, what should I do first if I can fix the problem?",37
"If I can’t change the stressful situation right away, how should I handle my emotions?",37
What’s the best way to deal with stress when the real issue is still there?,37
How do I respond to a stressful situation in a healthier way instead of just reacting?,37
What can I do about stress when I need to focus on both the problem and my emotional response?,37
Why can holding back an emotion actually be harmful instead of helpful?,38
How does suppressing feelings affect your body and make it harder to deal with what you're feeling?,38
What happens when you push an emotion away and don't let yourself understand its message?,38
Can bottling up an emotion increase stress or physical arousal in the body?,38
Why is it a problem to ignore or suppress an emotion instead of responding to it?,38
How is guilt different from shame when it comes to taking responsibility and fixing mistakes?,39
"Why does guilt sometimes push people to act, while shame can make them feel powerless and withdraw?",39
What happens to a person’s behavior when they feel guilty compared with when they feel shame?,39
"In what way can guilt lead to corrective action, and why does shame often have the opposite effect?",39
How do guilt and shame affect motivation and self-confidence differently?,39
Why do you need to understand yourself first before trying to change how you act?,40
What makes it hard to change a behavior if you don’t notice or understand it?,40
Can you really control your actions if you don’t recognize the behavior you want to change?,40
Why is self-awareness important when you want to improve your behavior?,40
How can you change a habit or behavior you don’t fully understand?,40
What does it mean to know yourself?,41
"How can I understand my own emotions, thoughts, and motives better?",41
What parts of myself should I look at when trying to know who I am?,41
"Why is it important to reflect on my values, strengths, weaknesses, and behavior?",41
What should I investigate if I want to become more self-aware?,41
"How can repeatedly asking why I think, feel, or act a certain way help me understand myself better?",42
What does it mean when someone says self-awareness grows by questioning your motives again and again?,42
Why would asking the same kind of self-reflective questions over time reveal what drives my behavior?,42
"How can I use repeated questions to uncover the reasons behind my thoughts, feelings, and actions?",42
In what way does going back and asking why I do things deepen self-awareness?,42
Why do I need to notice a harmful habit before I can actually change it?,43
What happens if someone never realizes their behavior is hurting them or others?,43
Is recognizing a bad behavior the first step toward fixing it? Why?,43
Why are people unlikely to change something if they don’t see it as harmful?,43
How does being aware that a behavior is harmful lead to taking action?,43
"What questions can I ask myself to figure out what usually causes my stress, who makes it worse, and when it tends to show up?",44
"How can I tell which people, times, or situations trigger my stress the most?",44
What are some good self-awareness questions for spotting my stress patterns and noticing when they happen?,44
Which questions help you identify the main sources of stress and the people or settings that set it off?,44
"How do I ask myself about my stress so I can see what causes it, who triggers it, and when it appears?",44
How does noticing your emotions help you understand your current state and the way it affects your behavior?,45
Why does recognizing what you’re feeling make your self-awareness stronger?,45
In what way can paying attention to emotions change how you see things and act?,45
How does being aware of your emotions help you understand what’s influencing your perception?,45
Why is it important to recognize your emotions if you want to improve self-awareness?,45
Why does denying that you're irritated make it harder to handle the irritation?,46
What happens to your ability to regulate irritation if you refuse to admit you're feeling it?,46
How can someone choose a way to manage irritation if they don't accept that it's there?,46
Why is it so hard to control irritation when you won't acknowledge it first?,46
What stops you from intentionally using a strategy to calm irritation when you deny it?,46
Can emotions affect your decisions even if you think you're being totally objective?,47
Is it possible for feelings to change how you see things without you noticing?,47
Can your judgment be influenced by emotion while you still believe it's rational?,47
Do emotions shape decisions in ways people often aren't aware of?,47
Can perception and choice be altered by feelings without conscious awareness?,47
How does naming an emotion help me make a better decision in the moment?,48
Why does identifying what I’m feeling make my judgment more consistent?,48
Can recognizing an emotion reduce how much it affects the choice I’m about to make?,48
What’s the benefit of noticing my emotion before I decide something important?,48
How does being aware of an emotion help me evaluate a situation more clearly?,48
Why is it helpful to build emotional skills before you’re in a crisis?,49
How can practicing emotional control ahead of time help during intense situations?,49
What’s the benefit of learning your emotional patterns before things get stressful?,49
Why do people handle tough moments better if they’ve practiced first?,49
How does preparing emotional skills in advance make your response more effective when pressure hits?,49
Why does knowing your personal values matter when you're making choices or planning your life?,50
"What can happen if you ignore your values for a long time, even if everything seems fine on the surface?",50
How do personal values affect the decisions you make day to day?,50
Why might someone feel unhappy without realizing their values are the reason?,50
What’s the connection between understanding your values and avoiding dissatisfaction?,50
Why does repetitive work make some people feel unhappy or dissatisfied?,51
How can not having enough challenge at work lead to dissatisfaction?,51
"If challenge is one of my main values, why would boring tasks bother me so much?",51
What happens when someone who values challenge has a job with no stimulating activities?,51
"Can a lack of challenge in daily work make you feel dissatisfied, and why?",51
What three areas should I look at if I want to build self-awareness?,52
"To improve self-awareness, what should I examine about my feelings, thoughts, and actions?",52
How can I find out how other people see me as part of self-awareness?,52
What strengths and challenges should I pay attention to when developing self-awareness?,52
What do I need to reflect on to get a better sense of myself and how others view me?,52
What should I write down in an emotional reaction log so I can understand my reactions better?,53
"When I notice a strong emotion, what details are useful to record about what happened before and after it?",53
"How do I track the thoughts, intensity, and behavior that come with an emotional reaction?",53
What kind of information should be included when logging an emotional response to a situation?,53
"If I’m keeping an emotion journal, what should I note about the event, my thoughts, and how I acted?",53
How does low glucose affect emotional self-control and reactions?,54
Can being hungry make it harder to regulate emotions?,54
Why do reactions feel stronger when glucose is low?,54
What happens to emotional regulation when your blood sugar drops?,54
Does hunger change how intense emotional responses feel?,54
Why does getting feedback from other people help with self-awareness?,55
How can other people help me notice blind spots I don't see myself?,55
What makes outside feedback useful when you're trying to understand yourself better?,55
Why can other people spot things about my behavior that I miss?,55
How does hearing from others improve self-awareness?,55
What’s the difference between private self-awareness and public self-awareness?,56
How does private self-awareness relate to your own internal experience?,56
What does public self-awareness mean when it comes to how other people see you?,56
Can someone understand their feelings without being public self-aware?,56
Why do people talk about private and public self-awareness as two different things?,56
Why isn't introspection by itself enough to fully understand yourself?,57
What makes other people's feedback important when you're trying to be self-aware?,57
Can you really spot your own blind spots just by thinking about yourself?,57
Why do people who interact with you often notice things about you that you miss?,57
"Is self-reflection enough, or do you also need outside perspectives to know yourself better?",57
How can watching a recording of yourself help you become more self-aware?,58
What kinds of habits can a self-recording reveal that you might not notice otherwise?,58
Why does listening to your own voice or seeing your body language on video improve self-awareness?,58
"How can a video help you spot gestures, posture, or tone you usually miss?",58
What does recording yourself show about your speaking habits and overall self-awareness?,58
How can the stories you tell yourself about your behavior block self-awareness?,59
Why do people describe rude or aggressive actions as honesty or assertiveness?,59
What kinds of self-protective explanations keep you from seeing yourself clearly?,59
How do the narratives we make up about ourselves limit self-awareness?,59
In what way can protecting your self-image get in the way of being self-aware?,59
How does emotional intelligence affect the way I manage myself and deal with other people in daily life?,60
In what ways is emotional intelligence tied to everyday self-control and interactions with others?,60
Why does emotional intelligence matter for handling my own behavior and relating to people around me?,60
How can emotional intelligence shape both self-management and the way I connect with others day to day?,60
What is the link between emotional intelligence and how well someone manages themselves and interacts with other people?,60
What two questions can help you practice self-awareness?,61
How can asking yourself what you’re feeling and why you feel it build self-awareness?,61
What should you ask yourself to understand your feelings better and become more self-aware?,61
Which two self-check questions are suggested for practicing self-awareness?,61
What questions can you use to reflect on your emotions and the reasons behind them?,61
What skills or abilities can grow when someone becomes more self-aware?,62
How can being more aware of yourself help with making decisions?,62
In what ways does self-awareness support intuition and moral judgment?,62
Can self-awareness make your choices better and your instincts stronger?,62
What benefits come from having greater self-awareness?,62
What is the main goal of managing distressing emotions without letting them take over?,63
Why do people try to manage upsetting emotions in the first place?,63
How does managing distressing emotions help you stay functional day to day?,63
What does it mean to keep hard emotions from interfering with what you need to do?,63
"When you're dealing with distressing emotions, what's the point of controlling them instead of ignoring them?",63
Why is it worth paying attention to difficult emotions instead of ignoring them?,64
What can difficult emotions tell you if you stay with them long enough?,64
How can hard emotions help you understand something about yourself?,64
Why do unpleasant feelings deserve more attention in self-awareness?,64
What lessons might be hidden inside difficult emotions?,64
How can positive emotions make it easier to take effective action and stay engaged?,65
In what way do positive emotions boost enthusiasm and involvement when you're trying to act on something?,65
How do positive emotions help you align your actions with what you’re really passionate about?,65
Why do positive emotions matter when you want to turn your passions into action?,65
"Can positive emotions actually help you act more effectively, and if so, how?",65
What’s the difference between self-awareness and empathy?,66
How does self-awareness relate to recognizing your own feelings?,66
In what way is empathy about understanding another person’s feelings?,66
Can someone be self-aware without being empathetic?,66
"Why do people say self-awareness is about your own emotions, while empathy is about someone else’s?",66
Which abilities help with skilled relationship management?,67
What skills are important for managing relationships well?,67
How do self-awareness and empathy help relationship management?,67
What abilities make relationship management more effective?,67
Which traits contribute to good relationship management?,67
How does repeated emotional practice change the brain over time?,68
Why can doing the same emotional experience again and again strengthen social skills?,68
What does neuroplasticity mean for learning emotional habits?,68
Can repeated experiences actually shape the brain’s emotional response patterns?,68
How do emotional and social skills get better through practice in the brain?,68
Which emotional skills should kids practice regularly to build self-awareness and better social behavior?,69
What abilities are children supposed to work on systematically according to this record?,69
Which emotional competencies are listed for children to practice in a structured way?,69
"What should kids systematically develop: self-awareness, self-management, empathy, and social skills?",69
Which four emotional abilities does the record say children should practice on purpose?,69
How does emotional learning help kids focus and learn better?,70
In what way does learning about emotions improve attention in children?,70
Can emotional learning make it easier for children to manage feelings and stay focused?,70
Why is emotional learning important for executive functions and learning?,70
How does emotional learning support a child’s ability to pay attention and control emotions?,70
"What kinds of changes can social and emotional learning bring about in schools, like in behavior and grades?",71
How does social and emotional learning affect students' behavior at school compared with academics?,71
Can social and emotional learning lead to fewer antisocial actions and more positive behavior among students?,71
In what ways might social and emotional learning improve school outcomes overall?,71
Does social and emotional learning help both student behavior and academic performance?,71
"Does having a higher IQ automatically mean someone has better emotional intelligence, or are they different things?",72
Can a person be really smart in tests but still not be emotionally intelligent?,72
"If cognitive intelligence goes up, does that mean emotional intelligence goes up too?",72
"Is there any automatic link between IQ and emotional intelligence, or not really?",72
Can someone have high cognitive intelligence without being more emotionally aware?,72
"What are some examples of emotions being expressed in dangerous ways, like in wars or abuse?",73
How can emotions turn into intergroup hatred or even lead to war?,73
What kinds of emotional expression can become harmful inside families?,73
Could you give examples of when feelings get so strong that they become dangerous?,73
In what situations do emotions become uncontrolled and start causing harm?,73
Why is social and emotional learning worth teaching to lots of people?,74
How can learning social and emotional skills help someone deal with emotions better?,74
Can teaching these skills reduce harmful behavior in schools or everyday life?,74
What are the main benefits of social and emotional learning for self-awareness?,74
Why do people say emotional skills should be taught more widely?,74
What emotional abilities do women tend to be stronger at on average?,75
"On average, are women better at emotional empathy and social skills?",75
Which areas of emotional ability are usually stronger in women?,75
Do women generally score higher in empathy and social skills than men?,75
What kinds of emotional strengths are more common in women on average?,75
"Which emotional skills are men usually better at on average, especially in groups and under stress?",76
"On average, what emotional abilities tend to be stronger in men compared with women?",76
Do men generally have higher group self-confidence and better control of upsetting emotions?,76
What emotional strengths are more common in men on average when it comes to confidence in groups and handling distress?,76
"In terms of emotional ability, which areas do men tend to score stronger in on average?",76
"Among the most effective leaders, do men and women differ in emotional intelligence, or is it basically the same?",77
"In the top 10 percent of leaders, was there any gender gap in the emotional abilities being discussed?",77
"Do the best leaders still show different emotional skills by gender, or not really?",77
"For leaders at the very top, are emotional ability differences between men and women still noticeable?",77
"When looking at top-performing leaders, did men and women score differently on the emotional abilities mentioned?",77
How can developing emotional intelligence help you build the strengths you need to be more effective?,78
What happens to your strengths as you keep developing your skills and emotional intelligence?,78
Can improving emotional skills lead to strengths in the areas where you're weak?,78
How does emotional intelligence growth affect the strengths you gain over time?,78
Why does working on your skills help you develop stronger emotional areas?,78
"Does emotional intelligence show up the same way in every culture, or can it look different even if the core abilities are universal?",79
"If the basic abilities of emotional intelligence are universal, why does its expression vary across cultures?",79
"Can emotional intelligence be considered culture-specific in practice, even though the underlying skills are shared by everyone?",79
"How much does culture change the way emotional intelligence is expressed, if the main abilities stay the same?",79
Is it accurate to say emotional intelligence is universal but culturally expressed differently?,79
Why can someone with a high IQ still make bad decisions or struggle under stress and frustration?,80
How is it possible to be very smart but still have trouble communicating well with other people?,80
"If a person has a high IQ, why doesn’t that automatically mean they handle every situation effectively?",80
"Can someone be intelligent but still react poorly when stressed, frustrated, or pressured?",80
What are some reasons a high-IQ person might still have trouble making good choices in real life?,80
How is intelligence defined when it comes to adapting to different situations?,81
What does it mean to be intelligent in terms of effective adaptation?,81
Can intelligence be described as the ability to adapt to new situations well?,81
What is the idea of intelligence if you focus on adaptation rather than knowledge?,81
How do people explain intelligence as adapting effectively to different circumstances?,81
"How do emotional skills help you handle frustration and stress, and change your behavior depending on the situation?",82
In what way do emotional skills make it easier to relate well with other people?,82
Why are emotional skills useful when you need to adapt to different situations?,82
How can emotional skills help someone manage stress and stay flexible in how they act?,82
"What role do emotional skills play in dealing with frustration, stress, and other people?",82
How does emotional intelligence help you recognize and manage your own emotions while also understanding other people’s feelings?,83
In what way can emotional intelligence make it easier to understand yourself and influence the emotions of others?,83
"Why is emotional intelligence useful for recognizing, understanding, and handling your emotions and other people’s emotions too?",83
How can being emotionally intelligent improve both self-awareness and your ability to read others?,83
What does emotional intelligence do to help you understand your own emotions and the emotions of people around you?,83
How can I use self-awareness when I start feeling nervous about something?,84
"What should I do first if I notice I’m nervous, and how do I manage it after that?",84
How does understanding why I feel nervous help me handle it better?,84
What’s a good way to respond to nervousness without letting it take over?,84
"If I feel anxious in the moment, how can self-awareness help me deal with it?",84
How can I handle nervousness when speaking in front of people?,85
What can I do if I feel nervous during a presentation?,85
How do I stay calm while talking to an audience?,85
Any tips for reducing anxiety when speaking publicly?,85
What are some ways to manage stage fright while giving a talk?,85
How can you tell if people in the room are getting bored or tuning out during your talk?,86
What signs should I watch for to know the audience is losing interest?,86
"When speaking to a group, how do you recognize that you need to change your approach because people aren’t engaged anymore?",86
"What are some easy ways to spot when listeners are distracted, like yawning or looking at their phones?",86
How do you know an audience is no longer paying attention and what should you do next?,86
What two things does every emotion give us?,87
"According to the record, what does each emotion provide besides information?",87
What are the two things every emotion offers us?,87
"What guide does an emotion give for action, and what else does it provide?",87
"In simple terms, what does every emotion provide to a person?",87
How do emotions work like warning lights on a car dashboard when you're trying to understand yourself?,88
What does it mean when an emotion shows up as a signal about your current condition or situation?,88
Why do emotions sometimes seem to be telling you that you need to do something right away?,88
How can I tell what an emotion is trying to communicate about my situation?,88
"In self-awareness, why are emotions considered signals that may point to a needed action?",88
What can anger tell you about a situation or person?,89
How can anger point to something that feels unfair?,89
Why might anger show up when a goal is being blocked?,89
What does anger usually indicate in terms of justice or interference?,89
"In self-awareness, what can your anger reveal about what's happening?",89
What does sadness usually tell you about what's going on in your life?,90
How can sadness help someone notice a loss or something important slipping away?,90
"In terms of self-awareness, what kind of message does sadness give us?",90
Why might feeling sad be a sign that you care about losing something important?,90
What does sadness reveal when it shows up after a loss or the threat of one?,90
What does anxiety tell you about your self-awareness when you're facing an uncertain future?,91
How can anxiety act as a signal that you think a threat might be coming?,91
Why do people feel anxiety when the future seems unclear or ambiguous?,91
"In self-awareness terms, what kind of message does anxiety give about possible danger ahead?",91
What does it mean if my anxiety is pointing to an uncertain or ambiguous future threat?,91
What can happen if I try to force my anxiety away instead of letting it be?,92
Can pushing anxiety out of my mind actually make it come back stronger?,92
Why does trying too hard to get rid of anxiety sometimes make it worse?,92
Is there a rebound effect when I fight anxiety instead of accepting it?,92
What happens to anxiety when you try to suppress it?,92
What can happen when you observe and understand an emotion?,93
Does paying attention to an emotion make it less intense or easier to handle?,93
"If I notice what I'm feeling, can the emotion calm down even if it doesn't go away?",93
Can understanding an emotion help reduce how strong it feels?,93
What usually happens to an emotion when you recognize and make sense of it?,93
"How can anger be useful for taking constructive action, like fixing a problem or setting a limit?",94
What does anger push people to do when they want to restore justice or remove an obstacle?,94
Can anger help you say no or draw a boundary when something is not okay?,94
In what ways can anger motivate action instead of just making things worse?,94
How is anger connected to standing up for fairness and making necessary limits?,94
How can sadness help someone deal with a loss and what does it do for them?,95
In what ways does sadness help you process a loss and learn from it?,95
Why might sadness make a person withdraw for a while after losing something important?,95
How can sadness push someone to look for emotional support after a loss?,95
What are the main ways sadness can help you respond when you've lost something?,95
How does gathering information help reduce anxiety and make it feel less intense?,96
"Why does uncertainty make anxiety worse, and how can getting facts about a situation help?",96
Can learning more about something actually calm anxiety down? How does that work?,96
In what way does reducing uncertainty change how strong anxiety feels?,96
What’s the link between being informed and feeling less anxious?,96
What’s the difference between irritation and anger when something gets in your way?,97
How does anger usually start if I think the interference was on purpose?,97
Why does irritation happen even when there’s no clear intent behind the problem?,97
Can you explain how an unwanted interference is different from a deliberate one in emotions?,97
When does a feeling turn from irritation into anger?,97
What is the difference between irritation and frustration?,98
How does irritation differ from frustration when something gets in my way?,98
"When do I feel irritation instead of frustration, and what’s the key difference?",98
What makes frustration different from just being irritated by an obstacle?,98
Can you explain the difference between irritation and frustration in simple terms?,98
What are the three factors that can make a stressful emotion feel stronger?,99
Which three things can increase the intensity of stress-related feelings?,99
What three factors raise how intense a stressful emotion feels?,99
What are the main factors behind a stronger stressful emotion?,99
What three factors can make stress feel more intense?,99
